user_id,email,name,country_id,account_creation_date
1,wrodriguez@hotmail.com,"Johnny Davis",2,"2021-10-11 21:44:02"
2,johnclark@rios.org,"Samantha Black",10,"2021-12-03 05:55:52"
3,kaylamccarty@hotmail.com,"Rita Casey",10,"2021-04-18 20:50:56"
4,sophiahess@willis-olson.com,"Caleb Weeks",20,"2021-06-30 11:41:16"
5,hfranklin@gmail.com,"Corey Martinez",35,"2022-08-14 00:01:09"
6,brodriguez@brown.com,"Peggy Hernandez",16,"2023-04-13 00:47:04"
7,andrea59@hotmail.com,"Juan Reed",47,"2021-05-19 19:32:45"
8,kathy80@hotmail.com,"Jacob Garcia",4,"2020-02-29 20:22:29"
9,allisonbailey@waller.com,"Amanda Gonzalez",20,"2022-03-25 20:05:34"
10,aaronedwards@hotmail.com,"Joshua Dodson",13,"2023-01-24 01:27:24"
11,gabriellemorgan@taylor-higgins.com,"Debra Mendez",22,"2021-03-14 02:39:40"
12,brandonhoward@johnson.com,"Suzanne Rodriguez",30,"2023-04-14 10:01:45"
13,cheryl07@ross.com,"Hannah Parker",49,"2020-03-22 14:27:05"
14,xgarrett@yahoo.com,"Victoria Rodriguez MD",25,"2021-03-21 21:18:15"
15,boonecraig@boyd-robinson.com,"Jill Wagner",16,"2023-03-25 06:03:40"
16,moorepatrick@robinson-todd.net,"Kerry James",48,"2022-03-14 11:13:15"
17,stephenhunter@gmail.com,"Joshua Thomas",1,"2021-01-03 12:01:02"
18,daniel93@evans-walker.com,"Anne Johnson",21,"2020-12-02 21:49:40"
19,johnssavannah@carson-mullen.com,"Abigail Ritter",27,"2022-02-13 01:11:35"
20,davidowens@yahoo.com,"Nicholas Larson",19,"2021-04-06 13:30:20"
21,davidreyes@gordon.biz,"Jacob Franklin",44,"2021-12-15 18:04:48"
22,angelajones@yahoo.com,"Curtis Clay",40,"2021-04-23 09:42:29"
23,jwalker@myers.net,"Jose Adkins",26,"2023-09-14 16:20:09"
24,ghebert@castillo.com,"Charles Cross",39,"2023-09-18 18:29:34"
25,jamiemoyer@phillips-nguyen.com,"Dustin Williams",8,"2022-05-03 21:19:05"
26,phillipsmitchell@clark-sandoval.com,"Robert Jones",46,"2021-02-09 00:05:16"
27,dennisjulie@yahoo.com,"Victoria Mitchell",42,"2024-04-17 06:29:40"
28,morrisanthony@wagner.com,"William Ross",35,"2023-05-07 13:24:48"
29,natalie25@wu.biz,"Douglas Reed",8,"2020-07-13 14:14:26"
30,sarah42@hotmail.com,"Michael Lambert",37,"2022-09-11 23:05:09"
31,hessmark@gmail.com,"Anna Moss",49,"2021-09-21 03:11:21"
32,deannaholmes@singleton-bell.info,"Janet Chang",3,"2022-04-09 15:03:10"
33,ghill@johnson.com,"Jenna Hoffman",47,"2023-10-31 14:03:06"
34,stevenromero@yahoo.com,"Kevin Sims",6,"2020-04-17 19:19:37"
35,ydavis@gmail.com,"Michael Decker",27,"2022-11-11 13:40:30"
36,duncanteresa@williams.biz,"Katrina Richardson",10,"2023-12-29 04:02:37"
37,zschmitt@taylor.info,"Melissa Wilson",28,"2023-07-08 22:59:01"
38,treid@hotmail.com,"Carolyn Smith",21,"2023-10-11 01:59:04"
39,lisawebb@edwards.com,"Joshua Mendez",15,"2023-04-24 17:47:48"
40,gmatthews@hotmail.com,"Jordan Clark",13,"2022-11-07 21:30:19"
41,justinhancock@hotmail.com,"Julie Wright",46,"2022-08-06 17:51:17"
42,eleach@hotmail.com,"Gary Dunlap",35,"2020-08-19 04:41:58"
43,colleen02@yahoo.com,"Edward Allen",34,"2021-11-17 04:04:52"
44,alisonramos@yahoo.com,"William Jordan",14,"2020-04-22 19:32:17"
45,crystal39@gmail.com,"Jacob Harrington",40,"2020-09-14 03:56:46"
46,ryancarlos@peterson.com,"Sara Mendez",12,"2021-07-08 03:52:17"
47,nicole63@gmail.com,"Jerry Knight",42,"2023-04-23 04:17:25"
48,clarkbrad@gmail.com,"Stephanie Robinson",28,"2022-09-02 13:48:30"
49,laurenedwards@hayden.biz,"Brian Miller",42,"2021-04-18 08:14:23"
50,jessicasmith@mann.com,"Charlene Green",32,"2020-07-30 06:21:27"
51,andrewgonzales@gmail.com,"Adriana House",21,"2020-01-15 12:48:32"
52,george30@zamora.org,"Edward Smith DDS",24,"2022-06-27 06:23:30"
53,zwright@griffith-conner.org,"Tony Robbins",46,"2023-02-23 10:20:24"
54,zdavis@turner.com,"Christopher Singleton",7,"2021-11-12 16:43:19"
55,morrowandrew@hotmail.com,"Andrea Barber",46,"2022-04-13 04:24:40"
56,jessica71@barnett.net,"Shannon Bradley",42,"2022-11-14 15:40:42"
57,fhopkins@johnson.com,"Stephanie Wilson",46,"2023-11-01 03:34:33"
58,matthew06@holland.org,"Jacob Gallagher",25,"2020-10-09 06:14:12"
59,elee@watkins.com,"Stephen Diaz",41,"2023-08-06 08:06:05"
60,jacquelinegray@yahoo.com,"Thomas Lee",6,"2021-01-20 12:58:39"
61,reevesbarbara@myers.com,"Brad Williams",13,"2020-03-05 02:01:19"
62,xwright@gmail.com,"Donna Martinez",28,"2021-01-30 09:09:30"
63,alexlewis@barnes.com,"Hannah Bauer",7,"2022-05-23 07:22:28"
64,jacobserik@black.com,"Thomas Andrews",22,"2024-02-19 21:29:36"
65,sthornton@wright.info,"Andrew Valencia",22,"2020-08-19 12:51:57"
66,brian86@hotmail.com,"Jose Williams",20,"2023-02-10 02:17:20"
67,ashley13@moore.com,"David Jones",47,"2023-01-26 13:16:53"
68,lcombs@brewer.com,"John Tucker",9,"2022-06-23 02:13:50"
69,jonathanhendrix@king.net,"Timothy Nguyen",24,"2020-05-04 06:48:18"
70,graychristopher@yahoo.com,"Evan Terry",6,"2021-12-22 19:52:51"
71,christina66@lynch.info,"Amanda Jacobson",48,"2022-04-15 03:56:11"
72,scott83@yahoo.com,"Eric Tran",29,"2020-01-09 15:57:21"
73,khenderson@ortiz.info,"Raymond Griffin",29,"2023-07-14 10:16:44"
74,dale47@yahoo.com,"Teresa Gray",12,"2021-09-14 12:14:54"
75,floresjoseph@yahoo.com,"Jonathan Burke",9,"2020-01-08 02:09:42"
76,paula31@yahoo.com,"Matthew Smith",13,"2022-07-26 00:10:31"
77,gravesleslie@wolfe.net,"Shelia Douglas",50,"2022-02-11 15:54:52"
78,christinaporter@williams.org,"Madeline Ford",29,"2022-11-15 06:56:20"
79,amywebb@hanson.biz,"Michael Harris",50,"2023-05-23 08:08:29"
80,shanewilliams@hotmail.com,"Mary Beltran",26,"2023-03-20 09:49:05"
81,bfoster@keller.biz,"Sharon Maddox",27,"2022-10-31 10:24:05"
82,bguzman@wilkinson-phillips.net,"Michael Lewis",47,"2023-11-11 22:29:38"
83,osnyder@gmail.com,"Gabriela Fields",22,"2023-01-04 21:13:18"
84,morgantammy@gardner-johnson.info,"Kathy Blevins",3,"2021-03-17 22:25:41"
85,stewartheather@gmail.com,"Alexander Johnson",18,"2022-03-08 18:48:06"
86,brittany52@jones.com,"Mr. Keith Jackson",7,"2020-11-14 20:28:19"
87,lbrown@yahoo.com,"Mason Nichols",48,"2020-08-24 18:46:28"
88,lisa32@deleon.com,"April Harper",37,"2020-05-28 07:17:07"
89,barnesjustin@hotmail.com,"Jason Morales MD",8,"2024-01-03 11:26:08"
90,susan34@morgan.net,"Jeanette Curtis",13,"2024-03-05 13:21:37"
91,heathersmith@davis.biz,"Mary George",3,"2023-09-01 10:44:43"
92,richard73@sparks.com,"Dana Martinez",28,"2020-09-07 16:28:29"
93,ofernandez@hotmail.com,"Amber Banks",4,"2021-11-10 17:59:29"
94,rebecca95@hotmail.com,"Adam Murray",23,"2020-02-07 14:24:14"
95,jasmine38@yahoo.com,"Christopher Wagner",15,"2022-10-17 13:21:53"
96,christopherhorton@brooks.com,"Tony Davis",41,"2020-02-17 12:17:47"
97,jesus27@yahoo.com,"Ryan Greene",47,"2022-03-11 17:41:44"
98,stephen77@miller.net,"Jessica Harding",13,"2023-02-09 01:25:56"
99,angela48@cox.com,"Julie Thompson",5,"2020-10-15 18:45:04"
100,mhiggins@smith.com,"Michael Ward",13,"2020-06-11 23:07:51"
101,juliewilliams@gmail.com,"Jennifer Smith",28,"2022-09-11 05:59:18"
102,skim@douglas-pena.info,"Christopher Hensley",21,"2020-07-21 19:44:09"
103,matthewfrazier@gmail.com,"Stacie Davis",2,"2020-02-02 13:21:58"
104,hscott@parker.com,"Maria Garcia",18,"2023-06-03 14:49:58"
105,emily81@yahoo.com,"Carrie Allen",21,"2021-06-27 07:50:51"
106,alicia29@vincent-young.com,"Benjamin Todd",5,"2022-08-22 04:53:32"
107,heather85@young.com,"Joseph Woodward",46,"2024-03-29 18:04:47"
108,whitenicholas@williams.info,"Melanie Boyd",48,"2024-04-19 07:25:22"
109,warnermatthew@hotmail.com,"Joseph Sloan",24,"2022-10-07 20:26:20"
110,jordanpeters@pearson.com,"Robert Brown",24,"2022-01-20 16:34:51"
111,tuckerkimberly@lewis.biz,"Mary Watson",7,"2021-09-22 05:48:00"
112,mshea@gmail.com,"Laura Hill",47,"2021-08-28 15:03:26"
113,amanda64@gmail.com,"Michael French",15,"2022-09-19 14:01:02"
114,vanessalarson@hotmail.com,"Rhonda Mullen",12,"2021-08-24 10:00:38"
115,gweber@yahoo.com,"Matthew Holmes",1,"2021-04-08 05:37:07"
116,justinwagner@potter.com,"Dana Schmidt",45,"2020-02-21 06:48:29"
117,alice20@wu.com,"Heather Moss",15,"2020-11-25 19:40:36"
118,lerickson@hotmail.com,"Anthony Marsh",5,"2020-02-29 03:52:09"
119,joe67@baker.com,"Steven Frazier",43,"2023-06-19 08:43:34"
120,ncampbell@frey.com,"Jose Torres",47,"2020-01-07 15:23:40"
121,sarah24@hotmail.com,"John Jacobs",28,"2022-10-22 06:06:57"
122,schmidtbilly@jordan-tucker.org,"Richard Campbell",33,"2020-01-28 08:49:19"
123,qmann@morgan.com,"Jerry Palmer",10,"2023-01-25 00:25:07"
124,charles74@yahoo.com,"Donald Lewis",21,"2021-03-26 14:56:50"
125,jacob60@gmail.com,"Michael Walton",25,"2023-10-30 20:16:53"
126,christopher29@adams.com,"Nathan Henson",43,"2021-01-18 00:54:51"
127,nunezmelanie@woodard.com,"Duane Kline",26,"2020-03-06 20:54:23"
128,susananderson@austin.info,"Melody Kramer",35,"2021-10-01 00:59:37"
129,klyons@taylor.com,"Robert Griffin",27,"2024-01-08 21:49:21"
130,schandler@hotmail.com,"Olivia Blair",6,"2020-08-27 02:45:47"
131,jjones@gmail.com,"Steve Gutierrez",38,"2020-08-22 08:12:24"
132,munozbrian@hotmail.com,"Christopher Roth",46,"2021-05-08 18:53:49"
133,xarnold@kim.com,"James Cortez",18,"2023-03-23 21:09:17"
134,xbishop@owens.com,"Eric Barry",5,"2021-05-07 03:30:00"
135,abrown@smith.com,"Kathy Patterson",13,"2021-04-11 14:18:40"
136,swilson@hotmail.com,"Shannon Hensley",23,"2023-05-04 21:23:00"
137,lydiashort@hernandez.com,"Alyssa Parker",3,"2020-05-25 20:07:16"
138,billy50@yahoo.com,"Daniel Bender",50,"2021-02-22 08:55:14"
139,dgallagher@hunter-garcia.com,"Donna Davis",48,"2022-07-28 04:30:42"
140,colton46@butler.com,"James White",4,"2023-04-11 22:35:54"
141,robertsonrobin@frederick-baxter.com,"William Jenkins",33,"2022-06-02 14:43:24"
142,christina14@yahoo.com,"Pamela Boone",46,"2022-03-26 13:49:48"
143,mmckay@palmer-white.net,"Brian Lopez",30,"2020-05-05 02:13:51"
144,kellyjames@gmail.com,"Paige Davis",28,"2023-11-17 22:21:00"
145,debraholt@gmail.com,"Susan Pearson",28,"2022-05-31 03:18:34"
146,albertsanchez@hotmail.com,"Sonya Crawford",2,"2024-04-15 08:40:00"
147,barrongregory@wilson-cardenas.biz,"Paul Dougherty",24,"2024-03-18 16:27:32"
148,kelly48@barron.com,"Dr. Jason Thompson",34,"2021-05-18 13:48:18"
149,aaronprince@cannon-montgomery.com,"Amanda Castro",27,"2023-05-14 02:57:12"
150,mejiasandra@gmail.com,"Gina Tucker",18,"2022-09-21 07:10:19"
151,tinadixon@hotmail.com,"Kristen Williams",26,"2021-08-18 08:29:13"
152,qpatterson@kent.com,"Monica Johnson",49,"2022-01-27 01:30:15"
153,kimryan@yahoo.com,"Bryan Martin",14,"2022-07-15 21:57:12"
154,charles25@yahoo.com,"Brittany White",30,"2020-09-01 15:29:44"
155,benjamin50@yahoo.com,"Rachel Mahoney",18,"2021-11-06 12:15:29"
156,donnataylor@yahoo.com,"Kyle Wu",11,"2024-01-01 13:49:48"
157,keiththompson@hotmail.com,"Brian Johnson",4,"2021-11-02 04:46:51"
158,martin09@yahoo.com,"Michael Castaneda MD",27,"2023-08-05 04:45:02"
159,cbarrett@fisher-gomez.com,"Tara Rodriguez",49,"2021-10-09 16:02:33"
160,jessicaclark@gmail.com,"Beverly Wallace",17,"2021-10-15 07:11:43"
161,bradley98@gmail.com,"Daniel Chambers",34,"2022-04-23 20:06:25"
162,timothy83@munoz.com,"Tammy Anderson",35,"2024-04-29 16:07:53"
163,virginiagarza@robertson.biz,"Aaron Oneal",41,"2021-09-02 04:50:58"
164,leejohn@gmail.com,"James Thomas",8,"2023-06-01 05:48:44"
165,eric55@hotmail.com,"Rebecca Cantu",8,"2021-12-02 08:27:29"
166,rowen@gmail.com,"Stephanie Hart",34,"2020-10-08 12:31:59"
167,michele70@molina.com,"Donna Francis",20,"2020-08-22 23:37:58"
168,barbarafoster@gmail.com,"Justin Kidd",5,"2024-02-10 08:18:50"
169,raymond34@gmail.com,"Andre Brown",34,"2024-04-24 06:01:47"
170,mark76@molina-miranda.com,"Laura Wolfe",4,"2020-12-31 17:13:07"
171,matthewjordan@yahoo.com,"Deborah Hill",7,"2024-05-01 14:39:14"
172,susan95@yahoo.com,"Curtis May",9,"2020-08-21 23:22:27"
173,mbonilla@calhoun-barrera.com,"James Johnson",31,"2023-09-13 00:03:09"
174,melinda71@yahoo.com,"Bethany Rogers",32,"2024-01-07 05:32:53"
175,victoriaphillips@riley-le.net,"Carmen Wilson",2,"2021-12-26 13:31:28"
176,heidibryant@hotmail.com,"Nicholas Johnson",25,"2020-11-14 08:50:36"
177,victoriaclark@gmail.com,"Anthony Foster",50,"2021-09-29 19:41:07"
178,xbrown@hotmail.com,"Connie Hunt",34,"2020-07-07 23:18:06"
179,allisonmiller@fernandez.org,"Allison Turner",24,"2021-07-25 07:13:37"
180,jamesstephanie@smith.com,"Susan Fitzpatrick",44,"2020-12-28 01:27:55"
181,jphillips@thomas.com,"Chad Martinez",14,"2024-01-16 00:07:38"
182,murphyrichard@mccoy.info,"Adam Morales",42,"2022-05-15 05:14:31"
183,shawtimothy@gmail.com,"Carrie Copeland",14,"2022-07-19 15:29:03"
184,kayla21@fowler-johnson.com,"Christopher Ramsey",27,"2022-03-05 09:50:41"
185,jcook@hotmail.com,"Julia Jacobs",17,"2020-05-22 00:09:20"
186,fdunn@yahoo.com,"Leslie Bradley",39,"2023-04-19 15:08:19"
187,boydkim@hotmail.com,"Julie Bell",50,"2020-11-03 21:27:31"
188,stevewright@hotmail.com,"Kelly Nelson",4,"2021-01-08 19:27:36"
189,amandasanchez@gmail.com,"Tyler Bailey",44,"2020-11-16 07:36:18"
190,vfrancis@scott-webster.com,"Lorraine Figueroa",31,"2024-03-27 11:41:57"
191,abauer@gmail.com,"David Schultz",16,"2020-03-16 15:51:55"
192,akey@yahoo.com,"Brittney Olson",2,"2022-10-15 00:11:42"
193,oashley@gmail.com,"Michelle Douglas DDS",7,"2020-12-18 13:21:01"
194,angelachristensen@yahoo.com,"Deborah Chapman",15,"2024-02-20 17:21:44"
195,genewatkins@hotmail.com,"Paul Dudley MD",9,"2023-06-20 16:10:08"
196,danielle68@mendez.com,"Bradley Silva",32,"2020-05-26 07:19:55"
197,jacqueline19@yahoo.com,"Timothy Lopez",27,"2022-03-19 07:45:21"
198,clintonmunoz@gmail.com,"Heather Gentry",41,"2020-11-10 01:46:21"
199,osmith@randolph.net,"Lisa Burns",41,"2021-10-06 06:21:16"
200,mariaharvey@young.org,"Madison Martin",48,"2022-03-06 04:30:39"
201,michelle22@hotmail.com,"Jason Vazquez",17,"2022-01-15 17:22:01"
202,millermatthew@gmail.com,"Jean Hughes",7,"2020-04-20 23:59:32"
203,brownsteven@haas.biz,"Michael Soto",34,"2022-07-10 14:46:04"
204,jason76@gmail.com,"Jennifer Campos",35,"2022-10-08 22:25:13"
205,bowmansteve@yahoo.com,"Jonathan Palmer",44,"2021-09-11 07:01:21"
206,mfrey@harris-smith.com,"Emily Walton",44,"2023-05-17 19:36:06"
207,vbenitez@gmail.com,"Teresa Gibbs",7,"2024-01-11 12:25:41"
208,vasquezmatthew@spears-ewing.biz,"Carol Adams",47,"2020-02-19 20:43:09"
209,mcdowellnicole@lewis.com,"Darren Anthony",9,"2023-01-07 19:47:56"
210,lewiskathleen@aguirre-guzman.com,"Vanessa Richards",14,"2021-03-13 00:53:30"
211,jnichols@arnold.com,"Antonio Garza",17,"2022-12-13 22:10:47"
212,fsmith@gmail.com,"Amber Craig",41,"2021-02-27 22:04:20"
213,bradley69@munoz.com,"Drew Ramsey",32,"2024-01-11 18:05:17"
214,wendy72@wilson.com,"Jeremy Hill",28,"2023-03-09 03:28:40"
215,tphillips@smith-copeland.com,"Laura Sanford",7,"2024-04-17 16:05:09"
216,wolfderek@gmail.com,"Peter White",21,"2020-04-05 19:04:07"
217,leah91@hicks.info,"Crystal Mercado",24,"2024-04-13 13:58:28"
218,wdavis@gmail.com,"Michael Hill",44,"2021-10-19 20:27:27"
219,henry18@yahoo.com,"Ryan Romero",18,"2022-06-14 17:59:41"
220,phillipsjennifer@hotmail.com,"Sheila Morrison",32,"2023-09-06 12:14:29"
221,vperry@yahoo.com,"Sean Richard",48,"2022-03-21 13:53:40"
222,whitejames@cole.net,"Joy Smith",20,"2020-07-26 10:14:37"
223,murphystephen@kelly.com,"David Gay",47,"2022-06-01 02:03:34"
224,vcook@grant.com,"Janet Wood",40,"2023-02-10 17:10:32"
225,ggrant@yahoo.com,"Vicki Alexander",45,"2021-11-12 18:37:42"
226,richard23@hotmail.com,"Brady Clark",1,"2023-04-03 19:40:19"
227,desiree25@gonzales-fitzpatrick.info,"Wanda Hudson",35,"2022-08-26 06:12:29"
228,agraham@evans.com,"Mrs. Heidi Hoffman DVM",27,"2021-11-22 17:18:31"
229,hwashington@hotmail.com,"Hannah Brennan",32,"2021-05-24 00:46:59"
230,benjamin51@jones.org,"Cory Brown",27,"2020-04-13 13:58:47"
231,michael63@ryan.com,"Ryan Johnson",40,"2023-06-28 22:08:17"
232,chapmanaustin@yahoo.com,"Bernard Rodriguez",42,"2020-09-13 19:07:58"
233,michaelsmith@gmail.com,"Sarah Adkins",4,"2021-01-01 02:35:23"
234,erica00@hotmail.com,"Daniel Murillo",37,"2023-12-13 15:57:13"
235,christopheradams@may.com,"Cody Hayes",47,"2024-02-10 00:36:30"
236,seanhall@gmail.com,"Amy Edwards",18,"2023-07-18 05:15:31"
237,ltownsend@robertson-miller.com,"Barbara Hart",1,"2020-09-29 12:52:01"
238,robinsonpatricia@gmail.com,"Kelsey Mccormick",18,"2022-05-18 01:18:53"
239,murraylaurie@howe-pace.com,"Debbie Martin",29,"2020-02-20 05:52:22"
240,tylermartin@hancock.com,"Sharon Hayes",47,"2020-11-27 00:11:00"
241,marvinfranklin@yahoo.com,"Ana Crosby",30,"2020-08-23 00:48:50"
242,timothy40@gmail.com,"Blake Serrano",17,"2024-03-31 18:39:16"
243,bonniemoon@richard.com,"Raymond Dickerson",4,"2022-06-04 10:05:12"
244,jessicarivera@yahoo.com,"Brandy Smith",22,"2020-11-15 22:49:10"
245,mcfarlandtheresa@gmail.com,"John Anderson",5,"2022-07-21 08:58:01"
246,ljohnson@maynard-torres.net,"Bryan Thomas",39,"2023-12-31 22:03:54"
247,andreanelson@hotmail.com,"Chris Gibson",4,"2023-02-24 03:02:34"
248,monicarichards@gmail.com,"Brian Garza",22,"2022-10-02 21:02:16"
249,ortizjasmine@yahoo.com,"Tami James",27,"2022-09-05 20:12:46"
250,ohayes@sexton.info,"David Harris",9,"2020-02-14 19:31:58"
251,rodney55@hotmail.com,"Patrick Thomas",12,"2022-04-01 05:33:56"
252,tbryant@torres.com,"Steven Wood",34,"2021-12-21 09:18:45"
253,copelandannette@yahoo.com,"Stephen Harrison",36,"2020-07-04 19:56:39"
254,raymond83@hotmail.com,"Amber Hancock",20,"2021-07-30 07:20:11"
255,marshallsandra@hotmail.com,"Sarah Williams",22,"2023-12-15 04:41:39"
256,zacharyrobinson@roberts-smith.com,"Krista Lindsey",41,"2022-07-07 21:30:12"
257,cabrerapatricia@stanley-wheeler.com,"Derek Simmons Jr.",15,"2022-10-21 04:47:25"
258,baileylisa@hotmail.com,"Nichole Porter",33,"2024-01-24 22:43:54"
259,mikayla98@michael.com,"Matthew Flores",11,"2022-07-20 11:10:49"
260,kroberts@gmail.com,"Cynthia Warner",29,"2022-05-23 05:48:43"
261,jacksonalex@wong.info,"Christina Perez",23,"2024-02-15 14:57:28"
262,seanmoore@alvarez.com,"Toni Davis",6,"2024-02-12 12:14:32"
263,matthewgray@thomas.org,"Karen Best",5,"2021-07-30 14:57:57"
264,kristenbryan@sheppard.com,"Susan Graves",20,"2023-08-20 15:40:33"
265,leslie46@salas.info,"Anthony Miller PhD",23,"2022-04-30 07:25:56"
266,rdominguez@robinson.com,"Linda Gillespie",40,"2021-10-02 11:41:51"
267,molly54@hotmail.com,"Kathryn Ford",2,"2022-09-26 19:51:06"
268,glee@hotmail.com,"Shannon Dillon",42,"2021-03-15 01:20:25"
269,melissashannon@gmail.com,"Michael May",41,"2021-08-19 06:37:43"
270,mckenzieemma@hotmail.com,"Heather Church",8,"2022-08-11 13:40:52"
271,esmith@hotmail.com,"Jasmine Guerrero",7,"2021-04-10 17:14:58"
272,tsanchez@gmail.com,"Andrea Spears",3,"2023-01-19 19:21:58"
273,brendacarter@barton.info,"Susan Byrd",37,"2021-08-08 20:30:16"
274,miranda35@hotmail.com,"Nicholas Garcia",36,"2020-12-08 04:08:17"
275,susanbradley@gmail.com,"Donna Whitehead",13,"2021-02-19 18:47:31"
276,jessicajordan@cooper.info,"Lauren Wright",19,"2020-01-18 15:40:00"
277,harrismaria@gmail.com,"Jim Rollins",32,"2022-06-02 03:58:25"
278,carol17@gmail.com,"Laura Page",31,"2023-01-01 01:10:22"
279,josephwood@macias-downs.org,"Phillip Anderson",24,"2022-01-24 04:43:02"
280,hilljulie@gmail.com,"Steven Rowe",40,"2020-11-03 21:56:43"
281,dennissean@yahoo.com,"Ashley Mcintosh",48,"2020-01-03 05:30:35"
282,fdavis@gmail.com,"Bobby Moreno",43,"2021-03-14 12:10:32"
283,cmcdonald@jones.net,"James Wagner",18,"2021-10-12 21:55:32"
284,joshua27@bass.info,"Julian Parks",33,"2020-02-19 15:32:18"
285,bobby14@sanchez.info,"Judith Jimenez",20,"2022-02-13 04:24:53"
286,simmonssarah@snyder.com,"Dawn Buchanan",9,"2020-11-20 20:02:40"
287,littleanthony@gmail.com,"Michael Davis",45,"2021-01-05 00:36:56"
288,wintersdanielle@parsons.org,"Christopher Hutchinson",3,"2022-04-25 12:04:32"
289,gschwartz@martinez.com,"Matthew West",38,"2024-01-12 12:02:10"
290,dukelinda@schmidt.com,"Susan Clark",14,"2022-02-10 11:52:30"
291,walljohn@green.com,"Kyle Lynch",20,"2022-01-31 06:39:07"
292,brittany56@brown.com,"Jacob Wells",25,"2021-07-31 05:13:19"
293,williamsjuan@marshall.com,"Darren Campbell",34,"2021-12-06 08:59:58"
294,calebking@berg-williams.com,"Bryan Ford",42,"2023-11-19 17:05:17"
295,ubenjamin@hotmail.com,"Jennifer Ramirez",46,"2020-04-29 13:33:17"
296,kevin37@yahoo.com,"Charles Sims",5,"2023-09-03 03:37:21"
297,jdean@hotmail.com,"Dominique Acosta",9,"2020-07-20 22:58:13"
298,mathewhill@gmail.com,"Kevin Moore",2,"2022-02-21 11:49:59"
299,heatherbarrera@yahoo.com,"Courtney Lane",40,"2020-01-04 02:49:45"
300,marissabrown@weber.info,"James Foster",13,"2023-11-14 22:27:56"
301,kathybutler@hotmail.com,"Michael Mckay",1,"2024-05-01 04:08:27"
302,julie62@campbell.com,"Joshua Perez",28,"2024-05-19 15:50:35"
303,wcampbell@yahoo.com,"Dawn Walker",13,"2022-04-16 01:53:30"
304,guerrasamantha@gmail.com,"Teresa Baker",43,"2023-01-10 18:43:18"
305,hayesdonna@dudley.biz,"Benjamin Lindsey",9,"2022-11-05 16:25:50"
306,jdavis@hotmail.com,"Lisa Atkinson",8,"2020-04-20 10:59:19"
307,pmcbride@matthews.com,"Zachary Santos",25,"2021-03-06 18:17:59"
308,rodriguezamanda@little.com,"Terrence Benton",45,"2021-07-02 22:19:54"
309,davidwillis@norton.info,"Mark Hunter",28,"2021-09-15 08:00:01"
310,bradshawdebra@choi.com,"Desiree Smith",32,"2022-03-14 00:30:48"
311,qmccormick@hotmail.com,"Kathleen Kelly",15,"2022-09-03 00:27:14"
312,qrobinson@baker.com,"Olivia Gonzalez",23,"2020-09-03 11:33:11"
313,kblair@ramos.info,"Lauren Davis",50,"2024-03-25 01:03:32"
314,christina87@diaz-castillo.net,"Denise Wilson",8,"2022-09-20 18:23:14"
315,kimberlycox@king.com,"Christian Chaney",38,"2021-01-03 03:56:14"
316,whitney36@yahoo.com,"Sara Guzman MD",40,"2022-02-18 11:39:34"
317,michael47@yahoo.com,"Dustin Ruiz",16,"2022-02-21 13:46:04"
318,gregory60@hotmail.com,"Kathryn Davis",28,"2022-11-05 13:39:08"
319,kaitlynmay@hotmail.com,"Angela Nguyen",40,"2022-10-20 02:32:51"
320,antoniorobinson@barton-blackburn.com,"Kayla Brown",40,"2024-02-07 02:51:04"
321,mccartydavid@hotmail.com,"Ryan Yates",40,"2020-12-12 04:02:07"
322,bowmanalexander@hotmail.com,"Marcus French",48,"2023-03-24 15:01:17"
323,wgordon@davis.com,"Daniel Mason",38,"2021-08-05 14:38:36"
324,shannonkerr@davila-nunez.org,"Victoria Doyle",17,"2023-04-07 20:58:03"
325,donaldvaldez@yahoo.com,"John Byrd",7,"2020-12-05 04:00:10"
326,gomezmichelle@hotmail.com,"Barbara Richards",15,"2021-07-08 23:44:37"
327,brianjones@hotmail.com,"Amanda Sheppard",32,"2023-11-19 13:14:48"
328,jthomas@gallagher.com,"Elaine Banks",18,"2022-06-05 06:30:18"
329,ynguyen@hotmail.com,"Laurie Clay",28,"2023-04-22 05:28:55"
330,hayessteven@stevens.biz,"Margaret Mcclure",25,"2022-04-23 04:13:01"
331,michaelajohnson@gmail.com,"Tammy Christian",37,"2023-09-07 23:34:08"
332,johnsonheather@stanley-johnson.org,"Samuel Hill",5,"2021-08-29 22:47:48"
333,spatterson@faulkner.com,"Andrea Smith",41,"2023-08-30 09:28:30"
334,mitchellchelsea@woodard-johnson.com,"Brandy Padilla",41,"2022-03-21 22:36:17"
335,jwalton@huang.info,"Parker Johnson",6,"2021-05-26 17:50:01"
336,zwilliams@moore-robbins.com,"Timothy Ramirez",21,"2022-06-10 15:40:08"
337,lvega@rodriguez-rodriguez.com,"Manuel Smith",14,"2020-03-16 15:05:02"
338,proctorangela@johnson.net,"Joseph Ryan",37,"2023-08-28 01:31:48"
339,bruce38@yahoo.com,"Scott Mullins",41,"2022-10-01 15:31:48"
340,ambercooper@gmail.com,"Anne Nichols",28,"2020-02-09 09:10:38"
341,udavidson@gmail.com,"Megan Hernandez",44,"2022-01-17 18:19:26"
342,sharonsmith@reynolds-chandler.com,"Amanda Gonzalez",11,"2020-06-18 06:28:02"
343,jason00@thompson-kaiser.com,"James Wood",33,"2021-11-07 07:10:23"
344,denise06@rodriguez.com,"James Meza",9,"2024-05-15 03:37:54"
345,stephanieroth@murphy-russo.net,"Aimee Perkins",38,"2020-04-11 21:29:55"
346,palmerchristopher@yahoo.com,"John Clark",3,"2023-02-24 00:08:39"
347,vacosta@cooper-doyle.com,"Kendra Barber",16,"2022-08-27 08:29:45"
348,nramirez@gmail.com,"Barbara Webster",32,"2023-09-23 15:41:51"
349,reneesteele@hotmail.com,"Jennifer Ellis",21,"2022-01-26 12:44:19"
350,brittanyturner@gmail.com,"Anne Perez",33,"2023-05-31 13:33:42"
351,heatherwright@clark.com,"Anthony Gonzalez",7,"2021-10-26 10:52:51"
352,masonmatthew@clark.biz,"Andrew Riley",45,"2020-01-13 00:52:03"
353,georgeashley@gibson.biz,"William Bond",8,"2021-07-29 22:44:47"
354,thomasnathaniel@hotmail.com,"Vanessa Reyes",16,"2023-10-07 13:32:15"
355,jasminerice@hotmail.com,"Katherine Smith",6,"2022-06-05 06:09:03"
356,davidfitzgerald@gmail.com,"William Rice",35,"2024-03-30 06:36:57"
357,caitlin35@hotmail.com,"Mr. Nicholas Vincent",24,"2022-11-02 12:17:38"
358,hartkenneth@spencer.com,"April Anderson",6,"2020-05-06 18:05:36"
359,kimberly67@nguyen-berger.com,"Laura Martinez",5,"2023-03-04 08:30:34"
360,stephanieblack@hansen-taylor.com,"Christina Leach",29,"2022-10-02 19:31:57"
361,kristinadams@hotmail.com,"Isaac Martinez",11,"2022-02-24 14:25:11"
362,albertmclaughlin@gmail.com,"Brooke Harris",15,"2021-08-06 19:01:24"
363,todd75@yahoo.com,"Brenda Smith",43,"2021-05-16 01:26:25"
364,owensgordon@ruiz-martinez.info,"Shelby Simmons MD",15,"2024-04-08 12:24:39"
365,sullivantimothy@reed.com,"Derrick Jennings",24,"2024-03-04 02:47:16"
366,beltranalexis@miller.info,"Mark Jones",23,"2023-05-19 23:15:24"
367,torresreginald@galloway.com,"Diane Mercer",13,"2024-03-17 23:39:17"
368,wrichard@rodriguez-montgomery.net,"Thomas Chan",1,"2020-01-14 02:59:26"
369,carterkimberly@arnold.com,"Cassandra Jones",44,"2021-11-17 03:05:12"
370,rodriguezshawn@munoz.biz,"Shelby Jenkins",31,"2021-10-03 16:05:08"
371,tracy32@gmail.com,"Aaron Briggs",12,"2021-11-12 14:05:35"
372,stephanie68@gmail.com,"Edward Alvarado",2,"2021-02-23 17:04:26"
373,holderspencer@gmail.com,"Michael Perez",17,"2022-09-21 20:19:26"
374,melissa39@gmail.com,"Mariah Blackwell",4,"2023-06-27 01:12:54"
375,donna83@gmail.com,"Rebecca Davis",45,"2023-10-29 07:08:46"
376,ahanson@smith-anderson.org,"Melanie Garcia",4,"2021-03-28 20:51:53"
377,reyeschristine@hotmail.com,"Erik Robertson",39,"2020-08-23 22:50:58"
378,bowenryan@gmail.com,"Stephen Sullivan",43,"2021-11-23 15:36:10"
379,gmartinez@yahoo.com,"John Huerta",42,"2022-02-11 08:22:09"
380,rebeccahicks@yahoo.com,"Lisa Clark",6,"2021-07-13 06:25:55"
381,ginajohnson@gmail.com,"Eric Baker",7,"2021-08-17 12:09:38"
382,lvillegas@holt-eaton.org,"Janice Villegas",34,"2023-01-19 04:01:48"
383,karen99@hotmail.com,"Tiffany Reyes",1,"2023-11-20 02:17:31"
384,coreyolson@ellis.net,"Dennis Drake",34,"2022-11-22 00:28:40"
385,scott53@hotmail.com,"Michelle Joseph",11,"2024-05-16 07:13:56"
386,jasonrogers@gmail.com,"Charles Russell",11,"2020-04-19 21:37:18"
387,michael89@vasquez.com,"Tara Morales",18,"2020-12-16 06:15:48"
388,crystal73@hotmail.com,"Jason Long",9,"2021-09-05 19:36:35"
389,uwalker@gmail.com,"Kyle Mcintosh",9,"2021-04-17 01:29:22"
390,ashley80@yahoo.com,"Jesse Smith",4,"2022-11-08 08:01:01"
391,leah10@pena-barker.biz,"Vanessa Harper",21,"2020-07-27 15:45:50"
392,wilsonjennifer@gmail.com,"Daniel Moran",30,"2022-08-20 04:50:09"
393,bautistamatthew@sanders.biz,"Paula Hudson",7,"2021-09-28 11:22:15"
394,kduncan@hammond-hall.org,"Brandon Long",13,"2023-11-26 08:01:59"
395,wharrison@willis-choi.com,"David Davis",32,"2020-01-14 15:33:08"
396,john79@yahoo.com,"Neil Schwartz",47,"2023-12-19 12:46:18"
397,robingarcia@yahoo.com,"Christopher Watson",48,"2021-10-07 20:19:47"
398,susanwyatt@hotmail.com,"Kathy Hubbard",14,"2023-01-05 00:52:15"
399,elizabethmiranda@gmail.com,"Michael Cox",36,"2021-11-21 02:07:13"
400,greentammy@anderson.com,"Samantha Roberts",42,"2023-05-17 18:37:02"
401,gwhite@brady.com,"David Pierce",38,"2024-02-20 01:40:37"
402,yrichardson@yahoo.com,"Harry Dean",17,"2021-02-02 07:35:59"
403,qday@hotmail.com,"Jason Wood",38,"2020-12-04 10:48:08"
404,marynelson@bullock.org,"Kathy Robinson",2,"2021-05-06 04:22:25"
405,shampton@smith.biz,"Rebecca Jackson",21,"2023-04-02 03:33:42"
406,savannahhays@hotmail.com,"Carolyn Baker MD",26,"2022-08-04 04:26:56"
407,anthony58@baker-pham.info,"Leslie Peterson",31,"2020-03-17 11:30:19"
408,courtney34@gmail.com,"Andrea Dudley",12,"2022-06-25 12:15:47"
409,sarah72@davis.net,"Michael Richards",30,"2022-08-17 18:04:59"
410,devinknapp@hill.info,"Nicole Thomas MD",25,"2023-08-22 11:12:48"
411,david58@hotmail.com,"Amy Bishop",37,"2021-08-21 04:39:02"
412,cory78@yahoo.com,"Brian Dudley",37,"2020-11-26 17:44:11"
413,joyalvarez@hunter.com,"Gregory Cantu",23,"2020-03-09 21:13:35"
414,tsmith@yahoo.com,"Mark Mitchell",45,"2023-07-10 19:26:02"
415,martinezreginald@davis.com,"Kenneth Salas",40,"2021-08-24 21:22:08"
416,richardrose@martin-morgan.org,"Shelly Browning",13,"2021-11-01 20:34:49"
417,michael06@garner-horn.com,"Robert Gutierrez",44,"2020-09-21 09:37:02"
418,fking@yahoo.com,"Alyssa Banks",27,"2022-10-06 19:33:11"
419,kevinmoore@hotmail.com,"Amy Garcia",42,"2022-02-04 11:47:36"
420,mschneider@hotmail.com,"Linda Christensen",23,"2020-11-24 09:43:04"
421,kyle09@murphy.com,"Dr. Jenna Stephenson",29,"2021-05-29 14:58:41"
422,kimberlydaniels@yahoo.com,"Luis Torres",14,"2023-11-20 21:25:22"
423,rileysusan@hotmail.com,"Adam Walker",38,"2023-02-06 12:20:05"
424,zmcguire@gmail.com,"Michelle Jackson",39,"2023-12-26 23:29:50"
425,lisawilliams@arnold.biz,"Michelle Jones",37,"2022-11-20 17:35:17"
426,walljennifer@meadows.org,"Melissa Sims",12,"2023-07-09 15:40:32"
427,jerry44@haley.com,"Timothy Wu",44,"2021-04-05 13:26:20"
428,allenmelissa@hale.biz,"Daniel Morris",29,"2022-10-11 16:07:58"
429,jenny40@hicks.com,"Gerald Hernandez",11,"2021-09-22 17:16:31"
430,amy43@willis-lawrence.com,"Julie Perry",3,"2022-09-03 21:23:31"
431,urodriguez@hotmail.com,"Amy Taylor",26,"2022-12-20 06:26:37"
432,gary37@yahoo.com,"Sara Hunt",6,"2022-02-13 02:41:37"
433,cory49@gmail.com,"Jessica Jones",47,"2020-07-23 19:09:29"
434,youngkrystal@nguyen-schmitt.org,"Kathleen Ortiz",18,"2023-12-23 03:10:57"
435,maria90@hotmail.com,"Edward Campbell",7,"2022-07-11 06:52:21"
436,owheeler@hotmail.com,"Mark Porter",36,"2020-07-25 08:21:51"
437,melissa86@yahoo.com,"Holly Noble",49,"2020-03-28 01:59:53"
438,griffithjessica@leonard.info,"Christopher Gutierrez",36,"2020-04-15 04:24:49"
439,hdillon@oliver.com,"Melissa Bailey",29,"2020-04-11 18:22:42"
440,ashleycooley@weaver.com,"Sean Santos",38,"2022-03-10 08:08:55"
441,jameslewis@bowman.com,"William Harmon",49,"2022-12-04 09:18:05"
442,judithbecker@morrison.info,"John Wallace",42,"2023-01-24 04:57:46"
443,xdavis@gross-turner.com,"Jeffrey Guzman",6,"2024-01-08 08:50:58"
444,jamesoscar@yahoo.com,"Jessica Williams",47,"2021-06-03 00:06:14"
445,ntaylor@campos.com,"Angela Hernandez",50,"2022-01-30 09:05:49"
446,iblair@hotmail.com,"Robert King",13,"2020-02-23 12:03:53"
447,shannon59@hotmail.com,"Keith Thomas",47,"2022-11-08 10:50:56"
448,vdavis@richards.biz,"Donald Durham",15,"2023-12-29 13:13:58"
449,jennifer81@small-meyers.org,"Brittany Haas",1,"2020-07-06 20:59:49"
450,lauralucas@green.com,"Holly Pope",4,"2021-02-23 11:48:02"
451,smithfrederick@morales.net,"Aaron Clay",1,"2023-08-22 13:08:52"
452,andersonashley@yahoo.com,"Kelly Rodriguez",17,"2024-03-31 03:39:05"
453,parkjames@sparks.com,"Samantha Williamson",41,"2023-02-05 05:21:19"
454,lewiskevin@washington-kirby.biz,"Ann Mcgee",4,"2021-09-16 04:48:31"
455,valerie95@taylor-king.com,"Kenneth Hall",9,"2022-01-09 14:47:54"
456,dtaylor@gmail.com,"Nicole Underwood",14,"2021-03-29 22:29:59"
457,andrew69@gmail.com,"Lisa Walls",46,"2024-03-30 13:41:12"
458,bryanmitchell@hammond.com,"Melissa Nunez",29,"2023-08-17 11:15:41"
459,wallacerose@yahoo.com,"Emily Martin",37,"2022-12-05 18:24:22"
460,heather74@hotmail.com,"David Williams",49,"2021-03-09 22:09:50"
461,donhartman@yahoo.com,"Austin Ruiz",28,"2021-05-11 13:17:48"
462,cathy79@galloway.com,"Pamela Rivera",46,"2022-03-22 21:57:14"
463,robertbowman@hotmail.com,"Timothy Byrd",49,"2021-08-11 11:43:40"
464,rperez@yahoo.com,"Diane Kennedy",14,"2021-10-17 01:21:34"
465,elewis@gmail.com,"Wendy Wilson",31,"2021-05-22 23:27:30"
466,wli@lara-hubbard.com,"Lindsey Martin",45,"2020-10-07 14:15:13"
467,johnathan95@navarro.com,"Tammie Erickson",37,"2021-02-04 23:49:23"
468,mary95@yahoo.com,"Rachel Parks",43,"2020-01-31 17:29:16"
469,zgoodman@robertson-jones.info,"Jason Carpenter",9,"2023-08-24 09:38:57"
470,tammymoore@yahoo.com,"Peter James",11,"2023-02-08 10:36:51"
471,franciskatelyn@hall.com,"David Jackson",3,"2022-03-26 13:47:09"
472,urobinson@yahoo.com,"Patrick Montes",32,"2020-04-20 06:49:26"
473,lovecrystal@moore.com,"Christopher Miller",30,"2021-04-05 21:00:19"
474,kpowell@lewis-martinez.com,"Kenneth Hill",24,"2021-08-09 00:36:11"
475,ryan88@duncan.net,"Paula Carroll",9,"2021-09-13 22:42:14"
476,edgar68@gmail.com,"Brianna Weeks",11,"2021-09-05 04:34:32"
477,rodriguezlaura@hotmail.com,"Keith Hill",24,"2021-07-30 15:31:15"
478,angelafernandez@gmail.com,"Dennis Jones",50,"2023-10-10 06:54:09"
479,kjones@yahoo.com,"Mark Foster",34,"2020-07-06 04:17:09"
480,ihunt@hotmail.com,"Alexis Sullivan",27,"2020-05-21 00:29:31"
481,randall35@long.com,"Craig Diaz",45,"2023-02-19 23:59:23"
482,susansnyder@prince.biz,"Joseph Hoffman",17,"2022-08-29 02:46:28"
483,mckenzieteresa@hotmail.com,"Amanda West",38,"2021-11-26 06:11:04"
484,stephen22@ware.net,"Norma Watson",6,"2020-07-21 11:45:26"
485,khernandez@yahoo.com,"Cody Pacheco",27,"2021-07-23 19:57:18"
486,tarahuff@gmail.com,"Cynthia Thomas",40,"2023-07-31 22:54:36"
487,leslie74@hotmail.com,"Charles Baker",46,"2023-04-20 20:59:20"
488,samanthahoover@shields-garner.com,"Vincent Blankenship",45,"2024-02-11 07:29:16"
489,samueldyer@torres-ellison.com,"Noah Jones",18,"2023-10-05 17:24:47"
490,nelsonashley@yahoo.com,"James Rollins",49,"2021-04-15 10:14:58"
491,sextondrew@romero.com,"Tricia Walker",48,"2020-03-08 06:30:19"
492,jennifer07@hotmail.com,"Joshua Harris",11,"2020-12-10 01:23:16"
493,jason74@gmail.com,"Amy Jimenez",4,"2022-03-01 01:24:02"
494,danieldavis@gmail.com,"Kayla Weiss",35,"2023-09-15 07:20:26"
495,paula88@carroll.org,"Joseph Smith",7,"2020-12-22 13:55:28"
496,denise61@hotmail.com,"Joel King",36,"2021-03-03 10:58:27"
497,bobbysavage@gmail.com,"Mr. Dominic Gonzales",3,"2021-06-23 06:36:32"
498,zsutton@morales.net,"Anthony Pacheco",14,"2020-02-08 02:39:12"
499,april41@nguyen.biz,"Laurie Evans",42,"2021-01-06 12:05:09"
500,maryclark@yahoo.com,"Heather Fowler",17,"2021-12-30 00:19:21"
501,millerdavid@ramos.info,"Chris Castillo",2,"2023-08-04 13:42:14"
502,bwilson@gmail.com,"Erica Lane",29,"2022-03-26 05:39:10"
503,omoreno@hotmail.com,"Yolanda Cooper",24,"2022-10-14 14:47:53"
504,watsonjudy@graham.org,"Samuel Powell",45,"2020-09-14 23:43:10"
505,davistricia@alexander.org,"Amanda Davis",34,"2021-12-24 00:29:45"
506,dmalone@thompson.com,"Jessica Foster",31,"2020-06-21 11:36:23"
507,victoriathompson@malone.biz,"Melanie Holmes",16,"2020-02-29 05:11:17"
508,danielhopkins@baird.com,"Melissa Ramirez",22,"2022-05-08 01:04:19"
509,blee@blackwell.com,"Thomas Smith",19,"2021-08-23 15:19:55"
510,allison39@gmail.com,"Joshua Rollins",29,"2022-07-27 22:57:00"
511,andrea62@brennan-smith.com,"Samuel Ball",14,"2021-06-10 18:48:52"
512,lromero@rodgers.com,"Danielle Collier",44,"2021-01-29 16:07:49"
513,afrye@lewis-lewis.com,"Heather Ramsey",6,"2022-03-23 17:55:14"
514,tharris@erickson.com,"Debra Ray",17,"2020-12-18 04:29:33"
515,sanchezmindy@kane.com,"Nina Flores",4,"2022-04-15 10:39:04"
516,fmack@gmail.com,"Mary Myers",48,"2022-12-18 10:11:59"
517,shelbycole@moss.com,"Heidi Mendoza",24,"2023-08-25 18:27:54"
518,uoconnell@hughes.com,"Kurt Davis",15,"2022-02-11 15:49:21"
519,laurajenkins@curtis.com,"Robert Saunders",30,"2023-11-07 23:11:10"
520,smithjoseph@hotmail.com,"James Cannon",32,"2021-05-18 02:49:43"
521,cooleytodd@yahoo.com,"Christian Hall",38,"2022-08-25 01:27:34"
522,castillokaren@ferrell.com,"Daniel Johnson",20,"2021-08-31 15:17:57"
523,taylorchristopher@perkins.info,"Scott Richardson",24,"2023-12-30 05:40:53"
524,christopher44@gmail.com,"Robert Gregory",1,"2021-02-20 15:03:17"
525,christopherjoseph@gmail.com,"Michelle Robles",46,"2021-03-10 11:55:47"
526,richardscollin@gmail.com,"Adam Hall",38,"2023-05-19 19:55:43"
527,kbuck@hotmail.com,"Andrew Underwood",37,"2022-02-12 00:23:55"
528,nicholas38@hansen-dougherty.net,"Carla Miller",16,"2023-01-04 16:51:58"
529,morgansutton@anderson-wang.com,"James Hill",27,"2021-07-09 15:17:25"
530,christopherrobbins@hotmail.com,"Jason Reed",19,"2022-03-21 15:27:08"
531,nmitchell@yahoo.com,"Kelly Ramos",25,"2021-03-17 20:17:03"
532,whitakerjason@hotmail.com,"David Morrison",9,"2022-01-30 19:48:43"
533,kennethherring@hotmail.com,"Cory Keller",25,"2021-08-04 21:49:05"
534,billyhaynes@yahoo.com,"Melissa Stone",35,"2022-05-19 00:37:44"
535,scott09@johns-cabrera.biz,"Jessica Sutton",28,"2020-05-04 05:58:53"
536,valerie97@hotmail.com,"Jennifer Smith",14,"2022-12-28 06:00:06"
537,james15@taylor.com,"Jessica Cruz",20,"2023-08-08 11:38:00"
538,smithanna@lawson.com,"Richard Evans",47,"2020-02-07 09:06:09"
539,bethany87@cunningham-spencer.info,"Colleen Baker",9,"2020-02-16 23:41:24"
540,christopherrodriguez@bailey.biz,"Jennifer Powers",43,"2021-04-07 18:58:45"
541,johnathan23@taylor-yang.com,"Natasha Potts",47,"2021-02-01 09:44:34"
542,brookepowell@smith.net,"Pamela Pope",17,"2022-10-29 18:31:46"
543,tanyagoodman@hotmail.com,"Darren Vazquez",25,"2022-12-05 19:23:51"
544,anthonymoore@allen.net,"Jesse Hayes",11,"2020-04-28 03:26:36"
545,maureen32@yahoo.com,"Nancy Hughes",9,"2021-12-22 15:41:55"
546,wrichardson@sawyer-thompson.com,"Kendra Lewis",30,"2022-10-24 05:51:55"
547,jennifervillarreal@peterson.com,"Lisa Sanchez",21,"2022-02-11 15:20:35"
548,logan81@gmail.com,"Linda Collins",32,"2020-02-22 22:57:53"
549,thomasmiranda@hotmail.com,"Robert Thompson",33,"2022-07-26 21:01:13"
550,hgonzalez@yahoo.com,"John Rivera",39,"2023-11-18 13:41:41"
551,allison49@hotmail.com,"Adam Morris",24,"2023-05-20 18:58:07"
552,nmiles@bradford.com,"Eric Campbell",49,"2023-06-11 15:50:37"
553,stantonamy@hernandez.com,"David Leach",12,"2024-02-20 05:54:17"
554,qwaller@lane-peterson.com,"Kristen Garner",48,"2020-11-25 23:25:11"
555,jared21@joseph.com,"Jared Tapia",23,"2021-04-04 15:04:10"
556,ellisemily@gmail.com,"Justin Wall",35,"2020-10-25 22:22:58"
557,maddenmary@torres.com,"Ashley Hernandez",28,"2024-04-12 09:05:09"
558,wbooth@hotmail.com,"Brian Ferrell MD",44,"2023-04-08 04:08:50"
559,alexandergreg@martin-morrow.com,"Seth Powell",11,"2023-11-27 22:25:32"
560,kcox@hotmail.com,"Donald Henderson",44,"2022-11-19 15:47:34"
561,abush@walters-cain.com,"Aimee Perry",16,"2020-06-15 16:04:02"
562,jaredzimmerman@yahoo.com,"Caitlin Cain",16,"2023-07-08 13:02:40"
563,madams@hotmail.com,"Amanda Smith",17,"2022-10-18 20:00:38"
564,piercedebra@gmail.com,"Lori Alvarez",2,"2022-02-04 08:12:02"
565,jennifer80@romero.info,"Jeffrey Garrison",6,"2022-10-18 20:19:53"
566,matthew08@hotmail.com,"Timothy West",3,"2022-03-06 17:28:17"
567,hurstchristopher@hotmail.com,"Alan Green",11,"2022-04-24 13:17:15"
568,paul66@martinez.com,"Summer Freeman",28,"2023-02-18 02:16:36"
569,russell31@munoz.net,"Annette Murray",9,"2022-01-11 14:03:52"
570,becky39@cruz-hernandez.com,"Brittany Clark",50,"2023-09-01 20:18:39"
571,michaelwhite@hotmail.com,"Veronica Thomas",3,"2020-11-29 20:24:51"
572,hwilson@palmer.com,"Ashley Castillo",49,"2022-10-07 23:53:51"
573,michaelhernandez@gonzalez.com,"Kelly Wade",38,"2020-09-23 03:39:32"
574,walterselizabeth@hotmail.com,"Lauren Bartlett",37,"2023-08-10 12:25:15"
575,msmith@harrison.com,"Amber Wolfe",49,"2021-01-29 04:09:53"
576,rmorgan@guzman-brown.com,"Melissa Hutchinson",49,"2024-01-09 21:59:19"
577,luis73@hotmail.com,"Sara Jones",42,"2022-12-22 15:21:12"
578,andradeyolanda@hotmail.com,"Vanessa Fernandez",16,"2021-11-05 00:35:25"
579,austin53@brown.com,"Kenneth Crawford",13,"2024-04-07 11:05:37"
580,wrightamy@chambers.biz,"Gregory Farrell",42,"2022-10-17 12:47:30"
581,harrisashley@mcdaniel-ramirez.org,"Jonathan Hoffman",3,"2022-03-12 13:15:18"
582,juan82@perez.net,"Joseph Sawyer",48,"2022-02-24 12:30:38"
583,phamdanielle@howard.com,"Sandra Cole",1,"2021-04-03 15:59:07"
584,montoyanathan@hotmail.com,"Dawn Simmons",46,"2022-11-12 17:41:34"
585,dlewis@yahoo.com,"Ashley Jenkins",14,"2021-08-03 11:12:41"
586,joseph71@dickson-velez.com,"Rachel Moore",38,"2020-04-06 20:22:13"
587,alan21@yahoo.com,"Jason Harris",23,"2022-06-26 09:42:03"
588,castrotim@thomas-maxwell.net,"Jimmy Lane",23,"2021-05-10 17:28:43"
589,dickersonwilliam@hotmail.com,"Cassandra Reed",24,"2020-08-09 02:07:57"
590,tanderson@hotmail.com,"Kaitlyn Paul",9,"2022-09-01 00:05:58"
591,jacksonjared@hotmail.com,"Johnny Harris",33,"2020-11-10 13:55:38"
592,brianperry@thomas.com,"Victor Young",25,"2021-04-12 17:22:49"
593,xalvarez@yahoo.com,"George Heath",37,"2020-06-09 08:11:34"
594,stacyphelps@gmail.com,"Lauren Coleman",19,"2020-07-15 01:52:03"
595,vmurillo@scott-fuller.com,"Amanda Davis",1,"2023-07-15 20:43:46"
596,weberwilliam@rice.biz,"Elizabeth Johnson DDS",10,"2022-08-17 22:38:07"
597,torreslaura@yahoo.com,"Pamela Solis",29,"2023-02-11 01:38:19"
598,torresrhonda@sawyer-cooper.org,"Christy Ramirez",39,"2022-04-04 01:13:19"
599,chambersjerry@stephenson.com,"David Aguirre",36,"2022-01-23 00:16:32"
600,laurie15@yahoo.com,"Zoe Myers",4,"2021-04-08 13:49:50"
601,qsmith@weaver.info,"Patricia Hodge",25,"2020-04-23 11:11:39"
602,fgolden@ryan-garrison.biz,"Angel Murray",31,"2023-11-01 15:59:18"
603,taylor74@ruiz.net,"Colton Morrison",15,"2021-10-04 11:28:51"
604,charles79@stephens.info,"Laurie Calhoun",14,"2024-03-24 04:24:36"
605,ystein@jackson-bowman.org,"James Moore",31,"2022-01-03 10:21:20"
606,nancy72@smith-lutz.com,"Sarah Fisher",15,"2020-03-26 03:15:29"
607,shawn32@hotmail.com,"James Calderon",50,"2020-09-23 06:47:45"
608,ggaines@garcia.net,"Tamara Rangel",10,"2022-06-04 12:53:30"
609,kramertimothy@salas-harvey.com,"Maria Velasquez",24,"2021-10-25 20:07:19"
610,elizabeth15@welch.biz,"Dustin Chavez",33,"2023-04-11 08:05:32"
611,christian30@hotmail.com,"Lauren Hester",22,"2020-01-23 00:58:34"
612,goodwinlindsey@lopez-fisher.com,"Timothy Hunt",27,"2020-10-05 19:29:57"
613,jamesyoung@yahoo.com,"Derek Hartman DDS",30,"2023-03-13 00:26:13"
614,epatel@fitzgerald.com,"Cody Young",12,"2024-01-07 06:36:54"
615,ethan07@gmail.com,"Gabriel Golden",48,"2021-01-22 08:57:37"
616,robert75@jackson-gallagher.net,"Karen Werner",14,"2023-03-02 19:57:50"
617,glenda83@thompson-gibson.info,"Brandi Morse",31,"2022-11-25 18:35:31"
618,michael15@moss.biz,"Christina Smith",36,"2024-01-08 09:22:45"
619,melissadiaz@hotmail.com,"Joseph Moss",14,"2022-08-25 15:50:17"
620,richardponce@gmail.com,"Danielle White",4,"2020-05-24 07:26:11"
621,catherinebrooks@hotmail.com,"Chloe Marquez",11,"2024-01-26 00:26:33"
622,camposamanda@yahoo.com,"Henry Jensen",32,"2022-03-07 23:17:22"
623,cmitchell@hotmail.com,"Michelle Perez",14,"2023-11-15 15:04:35"
624,tiffany78@hill-molina.info,"Lisa Sloan",43,"2021-12-04 20:38:02"
625,joycebaldwin@carr.biz,"Jennifer Russell",50,"2022-03-14 12:13:26"
626,laracody@yahoo.com,"Angela Pugh",25,"2023-06-01 16:42:36"
627,lwatson@clark-brown.biz,"Mark Bennett",31,"2023-08-07 11:06:49"
628,matthew94@haney.com,"Mark Reeves",20,"2023-04-06 01:19:24"
629,melanie62@johnson.com,"William Cruz",28,"2020-01-06 23:24:50"
630,roberto10@williams.com,"Michael Bates",25,"2023-06-18 21:56:50"
631,melodyraymond@singleton.com,"Robert Molina",17,"2023-03-26 13:52:36"
632,moorestephanie@hotmail.com,"Robert Cruz",38,"2022-08-17 18:53:37"
633,justinjones@hotmail.com,"Amy Hernandez",43,"2022-09-04 13:58:35"
634,davidvaldez@gmail.com,"Benjamin Richardson",13,"2022-07-20 17:31:10"
635,igonzalez@brown-callahan.info,"Tiffany Robinson",34,"2023-06-06 17:32:57"
636,wabbott@yahoo.com,"Amanda Anderson",50,"2023-06-23 19:20:24"
637,nancy88@doyle.com,"William Lawson",14,"2021-01-27 12:26:58"
638,stephanieflowers@kelly.com,"Justin Curtis",14,"2024-04-23 23:54:33"
639,ryanboyd@johnson.com,"Abigail Rivera",2,"2024-03-23 05:51:44"
640,bakercaleb@hansen.org,"Matthew Gilbert",32,"2020-04-10 21:44:23"
641,allenstokes@gmail.com,"Kellie Randolph",28,"2021-04-13 11:47:22"
642,courtneycohen@yahoo.com,"Theresa Hunt",16,"2021-06-02 01:56:06"
643,hflores@yahoo.com,"Nicole Donovan",38,"2023-05-22 16:45:27"
644,elizabethgreen@gonzalez-farrell.com,"Eric Dillon",23,"2023-07-04 15:42:17"
645,danielle81@hayes-gomez.com,"Maureen Burnett",48,"2022-02-02 10:21:50"
646,zford@yahoo.com,"Crystal Parks",23,"2024-02-22 11:52:18"
647,jacksontricia@mendez-lyons.com,"Joel Wheeler",19,"2022-05-21 03:47:14"
648,brandontran@brennan.net,"Lacey Brown",39,"2023-04-24 19:41:49"
649,katie34@gmail.com,"Jamie Gonzales",10,"2023-11-30 12:38:10"
650,brittneywelch@hotmail.com,"Jaime Atkins",45,"2022-11-27 03:35:32"
651,monica27@blake.net,"Jose Kelly",45,"2023-02-11 10:16:52"
652,franklopez@yahoo.com,"Jennifer Jones",44,"2024-02-18 09:05:19"
653,jamespace@hotmail.com,"William Everett",8,"2022-12-09 13:24:51"
654,cristianmorris@yahoo.com,"Randy Carpenter",50,"2023-05-06 18:27:59"
655,ianwyatt@hotmail.com,"Billy Floyd",18,"2020-03-29 23:29:40"
656,ritaanderson@jenkins-roberts.info,"Dawn Adams",14,"2023-05-13 00:25:26"
657,james53@hotmail.com,"Robert Bauer",15,"2023-11-24 11:44:21"
658,thomasholly@hotmail.com,"Amy Gibbs",15,"2023-07-04 03:45:34"
659,kingjerome@hotmail.com,"Jeremy Jackson",23,"2021-03-03 03:52:20"
660,nmckenzie@yahoo.com,"James Nielsen",39,"2022-09-10 16:19:02"
661,vhunt@cain.com,"Paula Anderson",46,"2020-10-05 09:57:22"
662,vpeters@hotmail.com,"Louis Mcguire",27,"2024-02-17 20:45:29"
663,williamlane@baldwin.com,"Robert Esparza",33,"2023-12-03 12:35:16"
664,barnesdaniel@hotmail.com,"Cassandra Edwards",24,"2020-09-22 05:37:56"
665,kchristensen@powers.com,"Nathaniel Page",12,"2021-10-28 11:40:56"
666,jeffrey77@gmail.com,"Leslie Rivers",47,"2022-11-05 19:49:42"
667,gandrade@hotmail.com,"John Hardin",26,"2021-06-26 18:39:28"
668,woodjeremy@gmail.com,"Donald Hawkins",2,"2021-11-03 04:51:48"
669,lramos@anderson.info,"Laura Mcdaniel",7,"2024-05-13 06:38:03"
670,justinrogers@hoffman-weaver.org,"Emily Myers",36,"2020-08-16 09:58:49"
671,robert81@brown.biz,"Robin Cohen",50,"2021-09-27 12:53:29"
672,vdickerson@king.com,"Ashley Harris",41,"2022-11-20 00:44:40"
673,justinmarquez@hotmail.com,"Michael Mayer",5,"2022-06-17 22:58:24"
674,nathanadams@gmail.com,"Catherine Garcia",9,"2022-07-13 19:47:50"
675,griffintiffany@hotmail.com,"Katie Finley",21,"2023-08-17 06:14:51"
676,traceyirwin@hotmail.com,"Adam Arias",5,"2022-04-28 19:38:43"
677,gregory10@yahoo.com,"Jeremy Craig",25,"2022-12-28 01:00:10"
678,dcollier@alvarado.info,"Mike Jackson",25,"2024-05-20 11:30:07"
679,hallstacey@paul.com,"Jared Elliott MD",1,"2023-07-19 01:50:59"
680,amandadelgado@higgins.com,"Victoria Martinez",40,"2020-05-16 03:38:26"
681,luis33@sanders-moss.com,"Victoria Wheeler",31,"2021-07-09 16:02:15"
682,kimberlyvasquez@hotmail.com,"James Wiggins",1,"2023-10-09 17:04:02"
683,joseph88@nelson.biz,"Susan Brown",22,"2021-06-19 18:58:56"
684,kstevens@hotmail.com,"Aaron Ochoa",27,"2020-10-02 13:16:44"
685,mpayne@gmail.com,"Beth Leon",23,"2020-05-25 15:07:52"
686,john30@clark-norris.biz,"Kimberly Mcgrath",26,"2023-05-25 06:38:16"
687,justinpollard@gmail.com,"Regina Johnson",40,"2023-06-07 14:16:24"
688,tserrano@collins.com,"Vincent Shannon",43,"2020-08-09 03:29:02"
689,cooperbradley@hotmail.com,"Brandon Howell",14,"2023-06-21 14:58:57"
690,mosleykimberly@yahoo.com,"Carl Davis",34,"2021-09-04 13:28:22"
691,james20@smith.com,"James Ruiz",46,"2022-12-30 15:06:52"
692,cterry@yahoo.com,"Brian Marshall",48,"2021-07-01 13:28:48"
693,robertsonbrian@yahoo.com,"Leah Jones",18,"2022-01-26 09:10:54"
694,jramirez@hayes.biz,"Brittany Becker",48,"2020-05-30 16:08:45"
695,proth@yahoo.com,"Larry Wallace",44,"2021-11-23 17:39:45"
696,davidritter@gmail.com,"Brian Nichols",10,"2023-10-27 08:55:10"
697,miguel07@rodriguez.com,"Jesus Torres",21,"2022-03-28 23:05:36"
698,emily19@hotmail.com,"Carrie Rivera PhD",38,"2024-05-22 02:42:03"
699,bakerisaac@lucero.com,"Clayton Knox",41,"2020-03-07 06:55:30"
700,yodersarah@gonzales.com,"Patty Dickson",17,"2022-06-23 14:56:02"
701,jenna87@hart.com,"Debra Parker",32,"2020-01-23 04:48:02"
702,folson@hotmail.com,"Jeffery Johnson",36,"2021-05-16 18:21:28"
703,gdoyle@smith-freeman.org,"Theresa Williams",40,"2020-08-17 07:27:05"
704,francodean@kaufman.biz,"Mrs. Elizabeth Newman",11,"2020-07-11 11:01:01"
705,marquezbrian@gmail.com,"Jason Yoder",39,"2021-03-06 18:45:22"
706,robertgarcia@gonzalez-torres.org,"Erica Coffey",25,"2022-02-01 12:18:14"
707,qclarke@young.com,"Thomas Shelton",31,"2022-01-20 22:45:35"
708,kgates@yahoo.com,"Rebecca Johnson",6,"2024-03-09 16:20:42"
709,james27@gmail.com,"Nicholas Bailey",50,"2021-09-30 23:07:49"
710,burtonmichael@hotmail.com,"Hector Chavez",39,"2021-06-18 07:11:56"
711,david05@clay-thompson.org,"Justin Hunter",10,"2024-02-23 15:48:48"
712,fnelson@yahoo.com,"Melissa Spears",26,"2022-08-27 22:54:03"
713,andreajenkins@yahoo.com,"Sarah Fitzgerald",27,"2024-01-18 05:02:57"
714,sarah14@brady.com,"Annette Carroll",43,"2021-03-09 11:13:53"
715,tiffanyrichards@brooks-gonzalez.com,"Joshua Diaz",34,"2023-08-16 01:15:25"
716,tammy39@flores.com,"Michael Brown",20,"2023-11-18 21:54:27"
717,turnernicholas@curry.net,"Andrew Webb",48,"2023-07-26 13:29:01"
718,steve24@yahoo.com,"Casey Cameron",16,"2022-07-24 20:30:44"
719,curtistrevor@trujillo-lozano.com,"David Henderson",25,"2021-09-25 22:16:35"
720,reyesdaniel@hotmail.com,"Traci Cannon",14,"2021-09-27 22:21:31"
721,donaldhernandez@murphy.org,"Gregory Johnson DDS",7,"2022-04-08 22:02:54"
722,sgalloway@yahoo.com,"Stephanie Jones PhD",29,"2021-10-21 14:05:33"
723,fwillis@yahoo.com,"James Beltran",20,"2022-08-04 20:15:33"
724,annnelson@hotmail.com,"Stephanie Wolf",23,"2022-05-20 11:29:25"
725,njackson@yahoo.com,"Brandy Glass",19,"2023-12-08 14:10:39"
726,larsoncameron@nelson.com,"Taylor Wilson",50,"2020-09-15 02:10:23"
727,suzannescott@hotmail.com,"Jeremy Chavez",28,"2022-09-04 13:38:36"
728,randy10@harris.org,"Alex Mullins",15,"2022-08-04 07:15:45"
729,sean91@hotmail.com,"Monique Browning",15,"2022-10-18 15:10:06"
730,caleb34@barker-torres.com,"Mark Green",15,"2020-04-30 06:05:20"
731,whiteeric@chavez-gordon.com,"Miranda Rodriguez",26,"2021-07-06 18:32:14"
732,shelby57@yahoo.com,"Joshua Mann",32,"2023-08-18 17:00:34"
733,nicholas23@gmail.com,"Jennifer Watson",21,"2023-02-14 00:42:22"
734,beckyfranklin@gmail.com,"Cynthia Brown",48,"2020-07-30 13:44:31"
735,christopher40@garner-benton.com,"Sarah Scott",34,"2020-04-19 21:45:13"
736,isweeney@gmail.com,"Jill Johns",46,"2020-01-28 18:13:03"
737,sbryant@yahoo.com,"Katherine Taylor",1,"2023-12-02 05:38:47"
738,larry05@thomas.info,"Mark Frost",22,"2021-06-23 21:55:04"
739,owensstephanie@gonzalez.com,"Kimberly Brown",30,"2022-08-02 00:16:22"
740,richardconrad@clark.com,"Krystal Lee DDS",40,"2021-10-16 21:29:34"
741,willissteven@robinson.info,"Darin Dixon",38,"2020-10-10 15:30:40"
742,ythompson@hotmail.com,"Anna Kennedy",43,"2023-04-13 04:27:23"
743,jennifer85@fowler.com,"Nicolas Hess",21,"2023-09-13 23:01:12"
744,michelleblankenship@adams.org,"Tracy Blackburn",24,"2020-01-29 06:26:06"
745,bradleyterri@yahoo.com,"Julia Walsh",29,"2020-03-21 05:31:07"
746,lukeholt@hotmail.com,"Courtney Fisher",42,"2022-09-16 12:53:12"
747,cgreene@fletcher.com,"Scott Rivera",42,"2022-08-25 21:42:50"
748,pzuniga@costa.org,"Brian Martinez",30,"2022-07-03 22:17:47"
749,derek58@gmail.com,"Laura Caldwell",31,"2024-04-01 05:04:00"
750,christine60@yahoo.com,"Carrie Bryan",33,"2023-02-09 07:43:42"
751,katherinelewis@hotmail.com,"Jason Lindsey",20,"2020-07-29 13:34:19"
752,brucesmith@joseph.biz,"Corey Odom",28,"2021-03-06 02:17:51"
753,morganian@rodriguez-jarvis.biz,"Rebekah Dunn",49,"2020-02-24 19:58:13"
754,umahoney@roberson.com,"Michelle Gonzales",10,"2021-07-22 16:37:49"
755,connie45@yahoo.com,"Angela Foster",20,"2023-10-12 06:02:14"
756,william08@adams-palmer.biz,"Jennifer Bailey",32,"2021-02-08 00:23:14"
757,joshua69@king.com,"Drew Hansen",16,"2023-12-28 08:43:21"
758,alexjames@hotmail.com,"Kristina Lambert",9,"2020-08-23 05:10:21"
759,ramosstephen@yahoo.com,"Michelle Conway",10,"2023-08-21 03:04:33"
760,melissaharris@hubbard.com,"Joshua Wade",15,"2022-09-11 23:42:58"
761,david54@hotmail.com,"Todd Jenkins",50,"2020-02-29 04:06:55"
762,howecheyenne@padilla-williams.info,"Michael Wilkins",39,"2024-04-07 07:40:30"
763,ysmith@freeman.info,"Anne Page",39,"2021-04-13 13:14:21"
764,vbaker@hotmail.com,"Jerry Diaz",4,"2020-08-31 13:45:26"
765,talexander@gmail.com,"Jennifer Harrison",3,"2024-03-14 19:09:14"
766,edwardsdouglas@crawford.org,"Robert Wang",39,"2022-10-07 17:42:10"
767,mduncan@yahoo.com,"Marco Brown",37,"2021-08-27 20:58:14"
768,alexandraanderson@murphy.com,"Gary Sullivan",41,"2020-05-26 16:13:27"
769,cochranbrittany@ryan.com,"Diana Hansen",30,"2022-10-03 18:37:16"
770,cmurphy@alexander.net,"Mark Ruiz",22,"2020-10-09 01:32:35"
771,singletonrobin@walters-shaffer.org,"Jesse Browning",12,"2024-01-09 05:55:45"
772,kyle75@oconnor.com,"Amy Harris",22,"2022-01-24 02:25:18"
773,cooperlisa@pearson.com,"Ashley Johnson",32,"2020-11-25 20:59:16"
774,karenpierce@hotmail.com,"Tammy Duncan",20,"2021-12-25 18:44:31"
775,adamskyle@garcia.info,"April Sheppard",38,"2020-07-07 01:20:57"
776,wrowe@hotmail.com,"John Johnson",3,"2024-03-08 01:31:34"
777,mmorales@hotmail.com,"Brittany Shaffer",21,"2021-10-06 04:24:41"
778,davidmartinez@gmail.com,"Angela Kim",31,"2020-11-21 14:28:15"
779,yorkmichael@garcia.com,"Elizabeth George",2,"2020-01-22 09:53:44"
780,ymarshall@yahoo.com,"Lisa Hernandez",13,"2023-11-23 03:14:06"
781,samuel57@wheeler.com,"Karen Wilson",28,"2022-06-18 20:59:48"
782,zburns@munoz.net,"Judy Hill",16,"2021-08-05 12:36:20"
783,jessica41@gmail.com,"Ivan Watson",38,"2020-12-03 08:58:10"
784,gmccoy@spencer.com,"Jason Harris",41,"2022-05-18 22:44:32"
785,conwayjodi@gmail.com,"Isaiah Johnson",6,"2021-07-03 23:19:40"
786,thomashamilton@yahoo.com,"Mr. Christopher Bell",3,"2021-11-23 13:34:26"
787,asmith@yahoo.com,"Gary Williams",20,"2022-11-14 12:06:26"
788,johnadams@hotmail.com,"Andrea Davis",17,"2021-07-27 05:28:10"
789,zcarey@yahoo.com,"Erin Maynard",33,"2020-10-26 07:52:59"
790,charles72@hotmail.com,"Bradley Jordan",22,"2022-06-21 19:25:33"
791,laura27@howard.org,"Corey Jones",40,"2023-03-25 21:25:59"
792,frederickdudley@yahoo.com,"Jennifer Hull",34,"2020-03-14 14:53:55"
793,trevorcastillo@sherman-wood.info,"Michelle Webb",49,"2024-02-16 00:17:55"
794,turnernatalie@yahoo.com,"Mrs. Alyssa Calderon",30,"2020-03-10 05:59:10"
795,greeneric@ward.com,"Anthony Rollins",26,"2023-11-07 22:58:31"
796,nicolebooth@kane-cannon.net,"Donna Reynolds",36,"2024-02-16 12:11:37"
797,coxrobert@gmail.com,"Ivan Lee",27,"2022-05-05 17:34:30"
798,singhmichael@hotmail.com,"Lynn Sullivan",30,"2020-06-25 18:54:48"
799,thompsonanthony@hotmail.com,"Jamie Carpenter",1,"2022-03-28 03:21:24"
800,amandafigueroa@gmail.com,"Brittany Craig",10,"2022-07-12 12:17:19"
801,djones@francis.biz,"Charles Santos",4,"2021-02-01 18:58:16"
802,kayla97@yahoo.com,"Kathryn Jackson",35,"2020-08-08 03:03:22"
803,clewis@yahoo.com,"Michael Davis",44,"2023-10-12 11:55:10"
804,jorge19@hughes-huff.info,"John Johnson",35,"2022-04-02 23:10:50"
805,glovertodd@gmail.com,"Cindy Davis",49,"2023-12-10 23:37:29"
806,erin70@cook.com,"Kristen Webb",4,"2022-09-19 05:18:18"
807,cindybrown@hotmail.com,"Jamie Larsen",22,"2023-10-26 19:21:48"
808,lanerichard@leonard.org,"Joseph Jenkins",42,"2022-09-12 15:33:34"
809,huntcatherine@robinson-lopez.com,"Sherri Garcia",19,"2020-09-17 03:20:59"
810,ayersjennifer@gmail.com,"Desiree Moody",50,"2021-11-01 11:36:46"
811,shannon61@whitaker-mccarthy.com,"Mrs. Denise Brown MD",29,"2021-02-08 14:14:31"
812,hnguyen@gmail.com,"Jesse Nelson",35,"2021-05-04 10:52:18"
813,kevin27@johnson.com,"Rebecca Garcia",50,"2022-03-24 18:37:29"
814,davisjohnathan@benton-hall.com,"Alan Williamson",46,"2020-08-10 20:32:35"
815,matthewramos@lozano-edwards.biz,"Heather Mcgee",32,"2023-03-12 00:01:18"
816,cooperamy@wong.net,"Debra Barker",2,"2024-04-21 10:35:49"
817,wrasmussen@pena.biz,"Christine Sullivan",31,"2022-04-09 20:41:22"
818,cynthiaspencer@gmail.com,"Desiree Holland",30,"2020-01-25 02:21:35"
819,richardsoncraig@hernandez.com,"Rebecca Heath",2,"2021-11-20 05:20:54"
820,jamestorres@hotmail.com,"Michael Higgins",30,"2024-05-08 16:46:41"
821,sandra42@graham.com,"Stephanie Stevens MD",22,"2023-07-01 19:53:16"
822,christopher25@beasley-bell.com,"Eric Weaver",14,"2020-07-08 14:52:14"
823,jason47@gmail.com,"Jesse Moore",17,"2022-05-04 05:08:32"
824,qburke@yahoo.com,"Travis Williams",22,"2021-10-04 03:06:27"
825,cody43@hotmail.com,"John Knapp",4,"2023-07-31 19:10:57"
826,cindywatkins@gmail.com,"Scott Moreno",16,"2020-02-13 04:12:03"
827,gutierrezbob@duran.com,"Mrs. Ashley Thomas",18,"2024-05-20 17:49:53"
828,paul78@powell-harrington.com,"William Anderson",44,"2022-02-18 03:42:11"
829,richardbeck@carney-poole.biz,"Devin Perez",5,"2024-02-13 05:06:31"
830,smithkayla@owens.com,"Beverly Lewis",6,"2021-10-03 14:58:53"
831,susan26@hines.com,"Robert Garrison",40,"2024-01-28 07:15:53"
832,kimberlyjohnson@hotmail.com,"Douglas Franco",41,"2023-11-04 23:37:09"
833,whitakerelizabeth@hotmail.com,"Timothy Farrell",22,"2023-03-08 12:04:16"
834,davidsonchristian@harper.com,"Larry Harvey",28,"2023-07-27 16:10:50"
835,francismary@gmail.com,"Michelle Charles",15,"2020-04-20 02:19:01"
836,welliott@sosa.com,"Elizabeth Briggs",39,"2023-11-25 11:47:08"
837,alexandramay@simmons.com,"Richard Alvarado",22,"2023-06-18 01:56:49"
838,ythompson@hotmail.com,"Brandon Clayton",32,"2024-05-09 18:40:12"
839,edward77@campbell.org,"Ashley Oneal",17,"2022-11-07 23:11:15"
840,jennifer03@walker.com,"Paula Pearson",47,"2020-07-18 13:34:15"
841,lukehayden@stephens.com,"Daniel Wilson",49,"2022-12-17 07:29:58"
842,htorres@hotmail.com,"Steven Fuentes",33,"2020-02-27 23:17:42"
843,rclark@hotmail.com,"Brian Myers",49,"2023-07-01 18:41:49"
844,btaylor@holt-schneider.org,"Alec Mccoy",1,"2022-12-11 06:37:24"
845,claire25@hotmail.com,"Mr. Brandon Gray",17,"2021-06-05 05:16:58"
846,raychristopher@russell-hernandez.com,"Jessica Burke",7,"2022-09-21 07:28:46"
847,housevalerie@gmail.com,"Andrew Carter",8,"2020-02-11 23:44:10"
848,xjones@dixon.com,"James Ross",6,"2022-05-13 22:59:36"
849,ustanton@newton.com,"Sandra Hunt",49,"2021-06-10 20:59:52"
850,spencerobrien@may.net,"Nicole Choi",38,"2020-12-07 07:02:30"
851,melissavasquez@young.com,"Nicole Bowers",14,"2022-04-22 16:48:48"
852,melissasmith@wilkinson.com,"Brett Bennett",3,"2021-10-17 07:15:44"
853,vegadonna@yahoo.com,"Gloria Lee",25,"2022-01-14 07:30:16"
854,karenjensen@gmail.com,"Julia Santos",17,"2023-10-29 13:01:46"
855,williamscolleen@martin.com,"Rebecca Richardson",50,"2020-08-13 22:12:47"
856,grose@morales.com,"Chase Hill",16,"2021-07-16 15:34:18"
857,csimpson@yahoo.com,"Jason Murphy",18,"2020-06-18 02:28:02"
858,dhawkins@branch-anderson.com,"Betty Snyder",4,"2020-05-04 08:46:11"
859,lwells@anthony.com,"Nicholas Goodwin",11,"2022-06-05 10:47:20"
860,gloriadavis@gmail.com,"Richard Vasquez",42,"2023-07-01 01:42:35"
861,zgray@leonard.com,"Justin Wilcox",25,"2021-11-08 13:13:31"
862,patricia55@phillips.net,"Jacob Murphy",19,"2024-04-03 22:07:43"
863,laurenvargas@kelley.com,"Christopher Hernandez",38,"2021-01-25 19:32:10"
864,aaronhebert@gmail.com,"Stacy Ramirez",38,"2024-03-22 12:39:37"
865,stuartlauren@yahoo.com,"Jennifer Abbott",16,"2024-03-29 11:37:43"
866,jamesmary@yahoo.com,"Emily Mendoza",4,"2022-08-02 04:02:18"
867,stephanie66@nelson.info,"Juan Cook",2,"2022-04-16 03:01:36"
868,porterandrea@herrera.com,"George Lopez",35,"2023-10-12 19:26:19"
869,nbrooks@young.com,"Christopher Brown",14,"2020-10-18 09:04:49"
870,joneswanda@crawford-kent.biz,"Neil Harvey",28,"2023-10-13 23:02:42"
871,reedmichelle@hotmail.com,"Jessica Allen",30,"2024-03-01 17:40:31"
872,kathleen65@gutierrez-hickman.com,"Richard Campbell",20,"2023-09-12 01:40:30"
873,farrelljeffrey@mckenzie.com,"Richard Henry",42,"2021-06-15 03:50:03"
874,brownoscar@gilbert-anderson.info,"Samantha Davis",15,"2020-07-07 18:59:18"
875,deckerkevin@hotmail.com,"Thomas Mendoza",3,"2022-01-11 16:58:34"
876,parkernatasha@yahoo.com,"Krystal Boyd",34,"2020-07-20 19:20:56"
877,barrettkristi@buchanan.org,"Benjamin Huff",6,"2020-05-16 13:45:40"
878,jwoods@hotmail.com,"Whitney Lynn",29,"2021-03-04 16:55:33"
879,johnsondavid@yahoo.com,"Jeremy Sanders",34,"2022-07-07 13:11:06"
880,gutierrezscott@bailey.com,"Jessica Smith MD",9,"2021-01-03 08:08:23"
881,anthonybennett@harris.biz,"Brittney Vaughan",21,"2021-10-08 22:47:41"
882,samuel99@yahoo.com,"Krista Todd",44,"2023-06-15 19:47:24"
883,mark56@baird.org,"Kathryn Ramos",41,"2022-04-14 20:32:47"
884,alfredclarke@hotmail.com,"Gregory Reeves",31,"2023-02-03 09:04:11"
885,gabrielasmith@burton.com,"Sarah Conway",44,"2024-04-22 21:10:58"
886,mcclainmaureen@mitchell.com,"Edward Lozano",14,"2023-10-22 16:30:55"
887,michael30@fischer.com,"Dr. Nicole Martinez",37,"2022-11-19 04:21:28"
888,mccoytony@curry-ellis.com,"Katie Reese",48,"2023-01-20 11:58:54"
889,derrickgonzales@hill-allen.com,"Mark Brown",30,"2021-11-06 10:24:07"
890,sheliareynolds@webster.com,"Brittney Bell",6,"2022-01-18 22:44:31"
891,bbowen@gmail.com,"Dr. Jennifer Castillo",17,"2020-04-06 03:36:27"
892,melissahughes@white.com,"Michael Cobb",17,"2021-08-24 06:19:58"
893,andrew60@gmail.com,"Lisa Jones",12,"2021-10-09 23:56:20"
894,karenconner@hotmail.com,"Michael Strickland",26,"2023-10-25 15:05:33"
895,colliererin@powell.com,"Alicia Wiggins",43,"2023-02-23 03:10:43"
896,gharvey@hotmail.com,"Sarah Perez",41,"2022-09-25 07:08:17"
897,ygregory@hart.com,"Elijah Shaffer",35,"2021-03-09 11:56:57"
898,michaelblackwell@gmail.com,"Victoria Wright",44,"2021-07-26 12:54:17"
899,ruthpowell@barrett-webb.com,"Jackson Jennings",19,"2021-08-24 12:34:49"
900,halllaura@gordon.com,"Clifford Pittman",3,"2021-04-01 02:25:46"
901,nicholesmith@hotmail.com,"Sheila Proctor",31,"2022-01-29 18:20:26"
902,shaas@harmon.com,"Crystal Hawkins",4,"2022-04-14 03:31:22"
903,linda51@gmail.com,"Louis Davis",41,"2020-06-19 02:51:41"
904,rachel63@gutierrez.com,"Mark Hicks",5,"2022-09-04 15:48:54"
905,cody89@douglas.com,"Joseph Herrera",30,"2021-02-15 16:12:31"
906,vegarobert@murillo.com,"Alex Dunn",27,"2020-02-28 13:59:32"
907,benjaminwalker@burnett.com,"Andrew Spencer",31,"2024-04-23 04:15:07"
908,underwoodjeffrey@guerrero.com,"Jeremy Jones",17,"2020-11-28 22:05:41"
909,katherinejones@roman-leon.info,"Alicia Thompson",23,"2021-07-08 01:56:09"
910,hbutler@yahoo.com,"Edward Parker",30,"2023-09-04 00:26:29"
911,robertsonjacob@adams.com,"Amy Carroll",31,"2020-08-06 18:13:54"
912,ewillis@shaw.com,"Sheila Bell",21,"2022-07-25 03:04:18"
913,taylorcarl@gmail.com,"Juan Rush",41,"2023-11-10 23:11:50"
914,leryan@cole.org,"Jessica Mcconnell",38,"2024-01-26 03:20:27"
915,carlsonnatalie@williams-mills.com,"Ryan Martinez",10,"2020-06-19 16:37:42"
916,gilbertmichelle@parker.org,"Anna Martinez",7,"2023-01-03 01:12:07"
917,ewolf@yahoo.com,"Brittany Lopez",24,"2021-05-12 19:40:10"
918,stephenbrooks@dudley.com,"Kimberly Sandoval",9,"2024-05-16 03:25:49"
919,cabrerakaren@hotmail.com,"James Black",31,"2024-04-05 01:04:38"
920,davisrodney@hotmail.com,"Mrs. Andrea Thompson",45,"2020-09-01 06:04:18"
921,brandonhernandez@sanchez.com,"Marie Schultz",17,"2021-03-15 00:45:09"
922,isaac02@yahoo.com,"Timothy Woods",33,"2022-06-02 19:07:02"
923,wadecameron@hotmail.com,"Stephanie Copeland",15,"2021-05-11 16:16:21"
924,sconner@hotmail.com,"Angela Jones",40,"2022-04-27 07:28:08"
925,ryan58@love-cummings.info,"Dwayne Knight",49,"2022-09-11 12:30:40"
926,moralesjerry@dean-hickman.com,"Jacob Steele",17,"2023-02-02 12:40:39"
927,robertsimpson@gmail.com,"Scott Munoz",7,"2023-07-27 08:28:57"
928,obarber@harris.com,"Frank Hill",15,"2021-10-28 05:22:14"
929,davidross@cole.com,"Crystal Patterson",47,"2023-10-24 18:20:50"
930,nancy81@hunter.com,"Brian Edwards",33,"2024-04-04 00:21:51"
931,harperjesus@gmail.com,"Steven Gardner",22,"2020-01-21 14:38:12"
932,parkdaniel@davidson-norman.com,"Mr. Shane Monroe",42,"2024-03-22 21:13:19"
933,williefischer@castro.com,"Kenneth Williams",29,"2022-04-08 09:51:16"
934,yvonnele@williams.net,"Alfred Turner",27,"2022-07-07 04:55:38"
935,alexa07@brady-wilson.net,"Theresa Conner",1,"2020-09-27 11:37:29"
936,rebecca74@yahoo.com,"Cynthia Hale",31,"2022-12-20 23:56:29"
937,dennis56@gmail.com,"Kristen Hebert",45,"2023-07-20 03:41:29"
938,robert57@hotmail.com,"Timothy Kelly",24,"2022-12-21 22:02:02"
939,kennedykimberly@hunt.com,"William Pacheco",6,"2020-11-23 11:28:39"
940,bmorton@torres-bowman.com,"Karen Petty",19,"2020-05-10 17:08:35"
941,sosascott@gmail.com,"Sarah Hawkins",30,"2020-05-23 02:04:59"
942,ksalinas@sullivan-mosley.com,"Joshua Ross",34,"2021-01-13 13:27:42"
943,ashley37@gmail.com,"Debra Mcintosh",35,"2023-05-14 13:12:29"
944,monique27@haynes.com,"Tara Smith",42,"2023-09-26 15:43:38"
945,sarahsweeney@medina.net,"Brandon Robinson",47,"2023-06-24 18:18:47"
946,lsmith@kennedy-mueller.com,"Michael Sanchez",3,"2022-06-23 20:29:31"
947,johnhahn@gmail.com,"Brenda Porter",49,"2020-11-15 01:41:10"
948,brandonjones@yahoo.com,"Emily Levy",36,"2020-01-18 08:12:44"
949,sanchezvalerie@yahoo.com,"Robert Sanchez",21,"2021-11-16 13:33:48"
950,dylanmartin@hotmail.com,"Jason Morton",42,"2022-02-12 06:33:33"
951,amanda02@hotmail.com,"Katherine Garza",30,"2023-01-25 17:31:52"
952,schultzbrendan@gonzales.com,"Harold Campos",13,"2022-10-14 23:17:25"
953,robin68@preston.info,"Kathy Jackson",50,"2021-04-16 01:36:11"
954,brittneydavis@gmail.com,"Jennifer Harrison",11,"2022-05-30 07:43:53"
955,nicolefernandez@yahoo.com,"Thomas Ritter",37,"2023-10-29 03:14:03"
956,bethany34@ruiz.com,"Dana Young",44,"2024-02-02 05:28:21"
957,lisa28@yahoo.com,"Jessica Griffith",25,"2021-05-29 17:59:46"
958,cole52@gmail.com,"Gary Jensen",50,"2022-05-21 08:07:32"
959,schultzmatthew@elliott-martinez.net,"Jennifer Dominguez",20,"2024-04-25 09:56:59"
960,sara65@rogers.com,"Lori Allen",17,"2020-01-05 20:38:24"
961,ujenkins@gmail.com,"Willie Alvarez",47,"2020-01-03 19:23:03"
962,jessica30@hotmail.com,"Jose White",19,"2020-03-23 18:35:20"
963,lynnalice@gallagher.com,"Jaime Navarro",22,"2023-06-28 00:12:04"
964,matthewprice@yahoo.com,"Janet Potter",15,"2022-12-31 17:47:58"
965,cunninghamkelli@hotmail.com,"Tyler Hernandez",19,"2022-04-13 08:34:40"
966,wardamanda@hotmail.com,"Katherine Moore",29,"2020-04-11 15:33:29"
967,jill18@hotmail.com,"Sylvia Bell",36,"2020-06-05 10:25:43"
968,jillianwilliams@michael-mcclure.com,"Jennifer Webster",1,"2020-04-01 17:02:49"
969,wunancy@yahoo.com,"Deborah Chan",16,"2023-12-19 13:52:00"
970,brittanywright@morales.net,"Dwayne Stephenson",16,"2023-01-05 00:21:52"
971,mcgeecheryl@taylor-thornton.biz,"Timothy Mills",10,"2020-11-02 01:21:28"
972,urose@yahoo.com,"Andrew Mendoza",46,"2022-02-16 19:42:54"
973,jenniferyoder@thomas.biz,"Joseph Black",32,"2020-07-12 08:54:23"
974,gregory88@gmail.com,"Jessica Mcdonald",16,"2023-11-19 16:40:24"
975,richardwebb@vaughn.info,"Warren Nunez",2,"2020-07-07 21:47:41"
976,shirley52@harris.com,"Christopher Wright",27,"2023-08-14 18:00:39"
977,crystal92@yahoo.com,"Brett Campbell",11,"2024-05-08 23:38:39"
978,nataliemejia@cooper-thomas.net,"Julie Rush",38,"2023-05-25 11:27:41"
979,maddoxwilliam@snyder-jenkins.com,"Judith Brock",48,"2022-07-31 16:47:01"
980,bsampson@meyers.info,"Mario Greene",21,"2023-07-02 05:34:26"
981,autumnlawson@martin.net,"Susan Ramirez",46,"2022-07-17 08:03:28"
982,zgonzalez@hotmail.com,"Michael Flores",41,"2021-04-27 17:34:01"
983,uhuff@kaiser.com,"Cheryl Morgan",49,"2022-02-16 02:43:20"
984,carolinevega@gmail.com,"Phillip Olsen",7,"2023-04-14 11:16:45"
985,whitney35@yahoo.com,"Matthew Reynolds",14,"2022-10-10 08:54:44"
986,sheila32@hotmail.com,"Ronald Brown",25,"2023-03-01 00:11:47"
987,robert38@hartman.com,"Ashley Nicholson",15,"2022-03-22 01:26:58"
988,aaron36@hotmail.com,"Nathan White",15,"2022-07-15 11:41:52"
989,shari93@gmail.com,"Renee Hart",43,"2023-09-22 22:05:24"
990,igreer@gmail.com,"John Powell",21,"2020-10-20 02:37:36"
991,vstrickland@yahoo.com,"Amanda Bradshaw",18,"2020-03-29 14:18:22"
992,qspencer@diaz.com,"Seth Benjamin",49,"2023-08-25 19:51:38"
993,benjamin97@murphy.com,"Tom Hughes",44,"2021-06-17 21:50:11"
994,marcharris@hotmail.com,"Mariah Fisher",24,"2021-12-21 23:09:49"
995,qmorris@terrell-fletcher.biz,"Robert Hobbs",40,"2024-02-13 16:09:28"
996,angelathompson@skinner.com,"Joshua Curry",31,"2020-02-20 00:21:51"
997,natalie51@banks.com,"Luke Roberts",40,"2023-07-29 03:04:58"
998,qgonzalez@hotmail.com,"Denise White",39,"2023-07-26 05:38:11"
999,adamstaylor@gmail.com,"Bradley Davis",44,"2020-09-25 13:52:31"
1000,millercatherine@yahoo.com,"Caitlin Ford",22,"2020-10-04 16:20:46"
